<?xml version="1.0" encoding="UTF-8"?>
<beans xmlns="http://www.springframework.org/schema/beans"
       xmlns:xsi="http://www.w3.org/2001/XMLSchema-instance"
       xmlns:osgi="http://www.springframework.org/schema/osgi"
       xmlns:context="http://www.springframework.org/schema/context"
       xsi:schemaLocation="
            http://www.springframework.org/schema/beans
            http://www.springframework.org/schema/beans/spring-beans-3.0.xsd
            http://www.springframework.org/schema/osgi
            http://www.springframework.org/schema/osgi/spring-osgi.xsd">
 
    <osgi:reference id="eventAdmin" interface="org.osgi.service.event.EventAdmin"/>
    
    <bean id="consumer" class="com.cartif.gui.monitoring.server.Monitoring_Handler">
        <property name="eventAdmin" ref="eventAdmin"></property>
    </bean>
     
    <osgi:service ref="consumer"
	    interface="org.osgi.service.event.EventHandler">
	    <osgi:service-properties>
	        <entry key="event.topics" value="org/baas/guiConnector/*"/>
	    </osgi:service-properties>
	</osgi:service>
    
</beans>