<?xml version="1.0" encoding="UTF-8"?>
<module rename-to='baasgui'>
  <!-- Inherit the core Web Toolkit stuff.                        -->
  <inherits name='com.google.gwt.user.User'/>

  <!-- Inherit the default GWT style sheet.  You can change       -->
  <!-- the theme of your GWT application by uncommenting          -->
  <!-- any one of the following lines.                            -->
  <inherits name='com.google.gwt.user.theme.clean.Clean'/>
  <inherits name="com.googlecode.gwt.charts.Charts"/> 
  <!-- <inherits name='com.google.gwt.user.theme.standard.Standard'/> -->
  <!-- <inherits name='com.google.gwt.user.theme.chrome.Chrome'/> -->
  <!-- <inherits name='com.google.gwt.user.theme.dark.Dark'/>     -->

  <!-- Other module inherits                                      -->
  <servlet path="/baasgui/monitoring" class="com.cartif.gui.monitoring.server.AppServiceImpl" />

  <!-- Specify the app entry point class.                         -->
  <entry-point class='com.cartif.gui.monitoring.client.BaasGUIEntryPoint'/>

  <!-- Specify the paths for translatable code                    -->
  <source path='client'/>
  <source path='shared'/>

</module>
